{
  "Total" : {
    "transaction" : "Total",
    "sampleCount" : 100,
    "errorCount" : 0,
    "errorPct" : 0.0,
    "meanResTime" : 107.64999999999999,
    "medianResTime" : 96.5,
    "minResTime" : 34.0,
    "maxResTime" : 245.0,
    "pct1ResTime" : 191.8,
    "pct2ResTime" : 221.79999999999995,
    "pct3ResTime" : 245.0,
    "throughput" : 101.21457489878543,
    "receivedKBytesPerSec" : 83300.6824076417,
    "sentKBytesPerSec" : 14.430984311740891
  },
  "HTTP Request" : {
    "transaction" : "HTTP Request",
    "sampleCount" : 100,
    "errorCount" : 0,
    "errorPct" : 0.0,
    "meanResTime" : 107.64999999999999,
    "medianResTime" : 96.5,
    "minResTime" : 34.0,
    "maxResTime" : 245.0,
    "pct1ResTime" : 191.8,
    "pct2ResTime" : 221.79999999999995,
    "pct3ResTime" : 245.0,
    "throughput" : 101.21457489878543,
    "receivedKBytesPerSec" : 83300.6824076417,
    "sentKBytesPerSec" : 14.430984311740891
  }
}