{
  "Total" : {
    "transaction" : "Total",
    "sampleCount" : 100000,
    "errorCount" : 4,
    "errorPct" : 0.004,
    "meanResTime" : 601.9881900000023,
    "medianResTime" : 327.0,
    "minResTime" : 1.0,
    "maxResTime" : 2873.0,
    "pct1ResTime" : 623.0,
    "pct2ResTime" : 771.0,
    "pct3ResTime" : 1035.0,
    "throughput" : 1633.2130199741953,
    "receivedKBytesPerSec" : 1663.0751876408647,
    "sentKBytesPerSec" : 406.6920520709141
  },
  "HTTP Request" : {
    "transaction" : "HTTP Request",
    "sampleCount" : 100000,
    "errorCount" : 4,
    "errorPct" : 0.004,
    "meanResTime" : 601.9881900000023,
    "medianResTime" : 327.0,
    "minResTime" : 1.0,
    "maxResTime" : 2873.0,
    "pct1ResTime" : 623.0,
    "pct2ResTime" : 771.0,
    "pct3ResTime" : 1035.0,
    "throughput" : 1633.2130199741953,
    "receivedKBytesPerSec" : 1663.0751876408647,
    "sentKBytesPerSec" : 406.6920520709141
  }
}